timestamp_utc,timestamp_local,latitude,longitude,altitude_m,ellipsoidal_altitude_m,horizontal_accuracy_m,vertical_accuracy_m,speed_mps,speed_accuracy_mps,course_deg,course_accuracy_deg,timezone,source
2026-09-18T08:19:32.000Z,2026-09-18T16:19:32.000+08:00,47.9298274,106.9285461,1309.63,1272.60,4.59,3.57,2.340,0.520,94.57,13.69,Asia/Ulaanbaatar,continuous
2026-09-18T08:19:36.000Z,2026-09-18T16:19:36.000+08:00,47.9298305,106.9287119,1309.77,1272.74,4.59,3.57,2.910,0.420,91.41,9.35,Asia/Ulaanbaatar,continuous
2026-09-18T08:19:39.000Z,2026-09-18T16:19:39.000+08:00,47.9298169,106.9289016,1310.07,1273.04,5.20,2.61,4.626,2.362,92.21,25.18,Asia/Ulaanbaatar,continuous
2026-09-18T08:19:42.000Z,2026-09-18T16:19:42.000+08:00,47.9298142,106.9291327,1309.93,1272.90,7.08,1.40,5.499,2.904,92.36,28.16,Asia/Ulaanbaatar,continuous
2026-09-18T08:19:45.000Z,2026-09-18T16:19:45.000+08:00,47.9297736,106.9293399,1309.83,1272.80,9.13,1.44,5.646,3.086,99.29,26.49,Asia/Ulaanbaatar,continuous
2026-09-18T08:19:48.000Z,2026-09-18T16:19:48.000+08:00,47.9297508,106.9297084,1309.82,1272.79,9.14,1.41,7.630,2.748,97.22,18.78,Asia/Ulaanbaatar,continuous
2026-09-18T08:19:51.000Z,2026-09-18T16:19:51.000+08:00,47.9296890,106.9300357,1309.81,1272.78,10.93,1.44,8.255,3.531,104.27,21.34,Asia/Ulaanbaatar,continuous
2026-09-18T08:19:54.000Z,2026-09-18T16:19:54.000+08:00,47.9296519,106.9304148,1309.81,1272.79,8.71,1.41,8.767,2.541,100.24,14.34,Asia/Ulaanbaatar,continuous
2026-09-18T08:19:56.000Z,2026-09-18T16:19:56.000+08:00,47.9296113,106.9306077,1309.94,1272.92,7.12,1.54,8.948,2.434,101.89,12.69,Asia/Ulaanbaatar,continuous
2026-09-18T08:19:58.000Z,2026-09-18T16:19:58.000+08:00,47.9295883,106.9309278,1309.97,1272.95,6.50,2.02,10.133,2.497,99.51,11.52,Asia/Ulaanbaatar,continuous
2026-09-18T08:20:01.000Z,2026-09-18T16:20:01.000+08:00,47.9295334,106.9313839,1309.33,1272.30,5.95,2.42,11.253,2.243,101.12,9.56,Asia/Ulaanbaatar,continuous
2026-09-18T08:20:04.000Z,2026-09-18T16:20:04.000+08:00,47.9294639,106.9318708,1308.27,1271.25,5.16,2.69,11.376,1.891,101.41,8.18,Asia/Ulaanbaatar,continuous
2026-09-18T08:20:07.000Z,2026-09-18T16:20:07.000+08:00,47.9294256,106.9322917,1308.73,1271.70,4.99,2.99,10.815,1.877,99.73,8.38,Asia/Ulaanbaatar,continuous
2026-09-18T08:20:09.000Z,2026-09-18T16:20:09.000+08:00,47.9293837,106.9325798,1309.35,1272.32,4.96,3.04,10.767,1.711,100.73,7.83,Asia/Ulaanbaatar,continuous
2026-09-18T08:20:12.000Z,2026-09-18T16:20:12.000+08:00,47.9293435,106.9330074,1309.75,1272.73,5.05,2.89,10.164,2.020,96.18,10.35,Asia/Ulaanbaatar,continuous
2026-09-18T08:20:14.000Z,2026-09-18T16:20:14.000+08:00,47.9293024,106.9332570,1309.97,1272.95,5.31,2.38,9.372,2.166,100.91,11.89,Asia/Ulaanbaatar,continuous
2026-09-18T08:20:17.000Z,2026-09-18T16:20:17.000+08:00,47.9292768,106.9335777,1311.15,1274.12,5.13,2.74,8.121,1.853,99.06,11.39,Asia/Ulaanbaatar,continuous
2026-09-18T08:20:20.000Z,2026-09-18T16:20:20.000+08:00,47.9292352,106.9338532,1311.61,1274.58,5.06,2.87,6.680,1.864,101.74,14.35,Asia/Ulaanbaatar,continuous
2026-09-18T08:20:24.000Z,2026-09-18T16:20:24.000+08:00,47.9291880,106.9341019,1312.02,1274.99,5.23,2.54,4.857,2.569,105.22,25.96,Asia/Ulaanbaatar,continuous
2026-09-18T08:20:26.000Z,2026-09-18T16:20:26.000+08:00,47.9291751,106.9341995,1312.51,1275.48,6.02,1.09,4.024,2.661,105.58,34.20,Asia/Ulaanbaatar,continuous
2026-09-18T08:20:29.000Z,2026-09-18T16:20:29.000+08:00,47.9291586,106.9342689,1312.93,1275.90,10.05,1.09,2.120,3.286,112.83,84.80,Asia/Ulaanbaatar,continuous
2026-09-18T08:20:37.000Z,2026-09-18T16:20:37.000+08:00,47.9291960,106.9342156,1313.19,1276.16,9.08,1.21,1.287,2.353,36.87,86.33,Asia/Ulaanbaatar,continuous
2026-09-18T08:20:45.000Z,2026-09-18T16:20:45.000+08:00,47.9291493,106.9342345,1313.32,1276.30,6.24,1.51,0.122,1.382,39.88,180.00,Asia/Ulaanbaatar,continuous
2026-09-18T08:21:10.000Z,2026-09-18T16:21:10.000+08:00,47.9291059,106.9342839,1313.10,1276.07,5.41,2.30,0.957,2.074,91.92,100.43,Asia/Ulaanbaatar,continuous
2026-09-18T08:21:14.000Z,2026-09-18T16:21:14.000+08:00,47.9290705,106.9344890,1313.60,1276.57,5.36,2.26,3.601,1.629,104.61,19.42,Asia/Ulaanbaatar,continuous
2026-09-18T08:21:16.000Z,2026-09-18T16:21:16.000+08:00,47.9290520,106.9346021,1313.76,1276.73,5.56,1.71,3.622,1.468,104.28,20.95,Asia/Ulaanbaatar,continuous
2026-09-18T08:21:18.000Z,2026-09-18T16:21:18.000+08:00,47.9290234,106.9347022,1314.70,1277.68,6.49,1.33,3.697,1.847,106.86,24.16,Asia/Ulaanbaatar,continuous
2026-09-18T08:21:20.000Z,2026-09-18T16:21:20.000+08:00,47.9289954,106.9347737,1315.01,1277.98,7.89,1.29,3.220,2.294,113.10,32.92,Asia/Ulaanbaatar,continuous
2026-09-18T08:21:22.000Z,2026-09-18T16:21:22.000+08:00,47.9289882,106.9348795,1315.07,1278.05,9.05,1.27,3.436,2.477,108.48,31.78,Asia/Ulaanbaatar,continuous
2026-09-18T08:21:25.000Z,2026-09-18T16:21:25.000+08:00,47.9288903,106.9350417,1315.49,1278.46,9.41,1.25,4.318,2.310,114.62,24.29,Asia/Ulaanbaatar,continuous
2026-09-18T08:21:30.000Z,2026-09-18T16:21:30.000+08:00,47.9288722,106.9352932,1316.34,1279.32,7.47,1.25,3.879,2.074,113.80,25.06,Asia/Ulaanbaatar,continuous
2026-09-18T08:21:34.000Z,2026-09-18T16:21:34.000+08:00,47.9288225,106.9354548,1316.63,1279.60,6.79,1.24,3.837,1.953,112.72,23.53,Asia/Ulaanbaatar,continuous
2026-09-18T08:21:37.000Z,2026-09-18T16:21:37.000+08:00,47.9287740,106.9356005,1316.66,1279.63,6.14,2.21,4.231,1.778,111.96,19.02,Asia/Ulaanbaatar,continuous
2026-09-18T08:21:41.000Z,2026-09-18T16:21:41.000+08:00,47.9287262,106.9358149,1317.71,1280.68,5.64,2.62,4.480,1.894,113.15,18.27,Asia/Ulaanbaatar,continuous
2026-09-18T08:21:45.000Z,2026-09-18T16:21:45.000+08:00,47.9286774,106.9360715,1318.85,1281.82,5.73,2.71,4.619,1.878,108.16,17.48,Asia/Ulaanbaatar,continuous
2026-09-18T08:21:48.000Z,2026-09-18T16:21:48.000+08:00,47.9286419,106.9362441,1320.21,1283.18,5.65,2.65,4.674,1.884,110.91,17.86,Asia/Ulaanbaatar,continuous
2026-09-18T08:21:51.000Z,2026-09-18T16:21:51.000+08:00,47.9285906,106.9364653,1320.32,1283.30,6.08,2.26,5.570,2.065,109.47,16.70,Asia/Ulaanbaatar,continuous
2026-09-18T08:21:54.000Z,2026-09-18T16:21:54.000+08:00,47.9285398,106.9367043,1321.65,1284.62,7.28,1.43,6.182,2.362,105.76,16.78,Asia/Ulaanbaatar,continuous
2026-09-18T08:21:57.000Z,2026-09-18T16:21:57.000+08:00,47.9284671,106.9369593,1322.82,1285.79,7.34,1.34,6.697,2.176,109.11,14.75,Asia/Ulaanbaatar,continuous
2026-09-18T08:22:00.000Z,2026-09-18T16:22:00.000+08:00,47.9284083,106.9372108,1323.21,1286.18,10.73,1.25,6.603,2.830,110.63,20.65,Asia/Ulaanbaatar,continuous
2026-09-18T08:22:03.000Z,2026-09-18T16:22:03.000+08:00,47.9283482,106.9374686,1323.75,1286.72,14.12,1.24,6.514,2.698,110.16,21.22,Asia/Ulaanbaatar,continuous
2026-09-18T08:22:06.000Z,2026-09-18T16:22:06.000+08:00,47.9282902,106.9376701,1324.24,1287.21,9.99,1.23,5.999,2.107,106.85,16.68,Asia/Ulaanbaatar,continuous
2026-09-18T08:22:09.000Z,2026-09-18T16:22:09.000+08:00,47.9282638,106.9378921,1325.01,1287.99,9.43,1.22,5.401,2.267,111.42,19.58,Asia/Ulaanbaatar,continuous
2026-09-18T08:22:11.000Z,2026-09-18T16:22:11.000+08:00,47.9282384,106.9380630,1325.87,1288.84,9.60,1.21,5.570,2.363,110.42,19.58,Asia/Ulaanbaatar,continuous
2026-09-18T08:22:14.000Z,2026-09-18T16:22:14.000+08:00,47.9281636,106.9382807,1326.57,1289.54,8.26,1.32,5.446,2.274,109.93,19.07,Asia/Ulaanbaatar,continuous
2026-09-18T08:22:16.000Z,2026-09-18T16:22:16.000+08:00,47.9280939,106.9383272,1326.59,1289.56,8.44,1.31,4.200,2.221,129.97,26.52,Asia/Ulaanbaatar,continuous
2026-09-18T08:22:19.000Z,2026-09-18T16:22:19.000+08:00,47.9280682,106.9385075,1327.10,1290.08,8.28,1.29,4.028,2.238,114.57,26.06,Asia/Ulaanbaatar,continuous
2026-09-18T08:22:23.000Z,2026-09-18T16:22:23.000+08:00,47.9279893,106.9386831,1328.12,1291.09,7.42,1.27,3.804,2.219,125.44,27.94,Asia/Ulaanbaatar,continuous
2026-09-18T08:22:27.000Z,2026-09-18T16:22:27.000+08:00,47.9279503,106.9388345,1328.12,1291.10,7.60,1.25,2.955,2.280,110.21,35.67,Asia/Ulaanbaatar,continuous
2026-09-18T08:23:02.000Z,2026-09-18T16:23:02.000+08:00,47.9279316,106.9387727,1328.64,1291.62,6.90,1.24,0.153,1.980,96.05,180.00,Asia/Ulaanbaatar,continuous
2026-09-18T08:23:09.000Z,2026-09-18T16:23:09.000+08:00,47.9279063,106.9388448,1328.37,1291.34,7.26,1.30,1.276,1.964,108.11,66.84,Asia/Ulaanbaatar,continuous
2026-09-18T08:23:12.000Z,2026-09-18T16:23:12.000+08:00,47.9278693,106.9388966,1328.78,1291.75,5.93,1.49,1.051,1.797,115.46,66.12,Asia/Ulaanbaatar,continuous
2026-09-18T08:23:32.000Z,2026-09-18T16:23:32.000+08:00,47.9278432,106.9389715,1329.28,1292.25,12.59,1.27,2.470,3.480,133.43,69.13,Asia/Ulaanbaatar,continuous
2026-09-18T08:23:34.000Z,2026-09-18T16:23:34.000+08:00,47.9277165,106.9392917,1328.91,1291.89,12.31,1.23,6.923,2.579,125.15,18.57,Asia/Ulaanbaatar,continuous
2026-09-18T08:23:36.000Z,2026-09-18T16:23:36.000+08:00,47.9274650,106.9400730,1330.44,1293.42,7.34,1.27,10.123,5.014,130.10,24.91,Asia/Ulaanbaatar,continuous
2026-09-18T08:23:38.000Z,2026-09-18T16:23:38.000+08:00,47.9272791,106.9403580,1331.27,1294.25,5.46,2.05,10.198,1.450,135.37,7.85,Asia/Ulaanbaatar,continuous
2026-09-18T08:23:41.000Z,2026-09-18T16:23:41.000+08:00,47.9270022,106.9406300,1332.36,1295.33,5.97,2.12,11.473,1.783,143.74,8.80,Asia/Ulaanbaatar,continuous
2026-09-18T08:23:44.000Z,2026-09-18T16:23:44.000+08:00,47.9267338,106.9408966,1332.91,1295.89,6.54,1.78,11.331,1.906,147.37,9.29,Asia/Ulaanbaatar,continuous
2026-09-18T08:23:47.000Z,2026-09-18T16:23:47.000+08:00,47.9264794,106.9410902,1333.32,1296.30,5.45,2.47,10.451,1.435,155.50,7.36,Asia/Ulaanbaatar,continuous
2026-09-18T08:23:49.000Z,2026-09-18T16:23:49.000+08:00,47.9263276,106.9411860,1333.48,1296.46,5.45,2.34,9.353,2.773,158.95,16.17,Asia/Ulaanbaatar,continuous
2026-09-18T08:23:52.000Z,2026-09-18T16:23:52.000+08:00,47.9261173,106.9412621,1333.45,1296.42,5.68,2.20,7.595,3.352,165.87,19.45,Asia/Ulaanbaatar,continuous
2026-09-18T08:23:55.000Z,2026-09-18T16:23:55.000+08:00,47.9259012,106.9413390,1332.70,1295.67,6.15,1.65,8.143,3.307,168.02,18.19,Asia/Ulaanbaatar,continuous
2026-09-18T08:23:57.000Z,2026-09-18T16:23:57.000+08:00,47.9257501,106.9413830,1333.01,1295.98,6.95,1.22,8.711,3.590,169.51,18.00,Asia/Ulaanbaatar,continuous
2026-09-18T08:24:00.000Z,2026-09-18T16:24:00.000+08:00,47.9254542,106.9414760,1331.72,1294.69,6.04,1.23,9.989,2.907,168.39,14.36,Asia/Ulaanbaatar,continuous
2026-09-18T08:24:03.000Z,2026-09-18T16:24:03.000+08:00,47.9252054,106.9415489,1330.62,1293.59,6.19,1.29,8.935,2.985,170.35,14.56,Asia/Ulaanbaatar,continuous
2026-09-18T08:24:05.000Z,2026-09-18T16:24:05.000+08:00,47.9250748,106.9415718,1330.14,1293.12,5.90,1.44,7.834,2.960,171.00,16.34,Asia/Ulaanbaatar,continuous
2026-09-18T08:24:08.000Z,2026-09-18T16:24:08.000+08:00,47.9248668,106.9416159,1329.20,1292.17,5.35,2.29,6.995,2.773,172.31,17.90,Asia/Ulaanbaatar,continuous
2026-09-18T08:24:11.000Z,2026-09-18T16:24:11.000+08:00,47.9246852,106.9416720,1328.12,1291.10,5.53,1.89,6.054,2.871,169.83,21.29,Asia/Ulaanbaatar,continuous
2026-09-18T08:24:15.000Z,2026-09-18T16:24:15.000+08:00,47.9245237,106.9417308,1327.64,1290.61,5.98,1.64,2.932,3.276,169.86,48.42,Asia/Ulaanbaatar,continuous
2026-09-18T08:24:18.000Z,2026-09-18T16:24:18.000+08:00,47.9244822,106.9417003,1327.78,1290.76,5.56,1.70,0.557,4.549,173.62,180.00,Asia/Ulaanbaatar,continuous
2026-09-18T08:24:26.000Z,2026-09-18T16:24:26.000+08:00,47.9244102,106.9416839,1328.05,1291.02,5.86,1.34,0.953,4.553,173.62,180.00,Asia/Ulaanbaatar,continuous
2026-09-18T08:24:35.000Z,2026-09-18T16:24:35.000+08:00,47.9243659,106.9417288,1327.77,1290.75,6.12,1.26,1.519,4.933,173.62,166.54,Asia/Ulaanbaatar,continuous
2026-09-18T08:24:39.000Z,2026-09-18T16:24:39.000+08:00,47.9242229,106.9417827,1327.42,1290.39,6.08,1.94,3.658,3.496,170.98,42.33,Asia/Ulaanbaatar,continuous
2026-09-18T08:24:43.000Z,2026-09-18T16:24:43.000+08:00,47.9240853,106.9418397,1326.48,1289.46,5.44,2.52,4.819,3.440,173.76,32.01,Asia/Ulaanbaatar,continuous
2026-09-18T08:24:45.000Z,2026-09-18T16:24:45.000+08:00,47.9239950,106.9418593,1325.78,1288.76,5.96,2.23,4.631,3.476,175.43,33.74,Asia/Ulaanbaatar,continuous
2026-09-18T08:24:49.000Z,2026-09-18T16:24:49.000+08:00,47.9238606,106.9418876,1325.42,1288.39,6.03,1.82,4.191,3.083,171.73,32.35,Asia/Ulaanbaatar,continuous
2026-09-18T08:24:53.000Z,2026-09-18T16:24:53.000+08:00,47.9237497,106.9419044,1324.89,1287.86,6.97,1.15,2.680,3.245,181.26,53.89,Asia/Ulaanbaatar,continuous
2026-09-18T08:25:16.000Z,2026-09-18T16:25:16.000+08:00,47.9237377,106.9418373,1325.17,1288.14,4.96,3.04,0.000,0.955,131.36,180.00,Asia/Ulaanbaatar,continuous
2026-09-18T08:25:37.000Z,2026-09-18T16:25:37.000+08:00,47.9237166,106.9418984,1325.01,1287.98,5.23,2.54,0.053,1.507,130.09,180.00,Asia/Ulaanbaatar,continuous
2026-09-18T08:25:54.000Z,2026-09-18T16:25:54.000+08:00,47.9236682,106.9419083,1325.17,1288.14,4.97,3.02,0.343,1.832,135.58,180.00,Asia/Ulaanbaatar,continuous
2026-09-18T08:26:10.000Z,2026-09-18T16:26:10.000+08:00,47.9237034,106.9418368,1325.24,1288.21,5.14,2.71,0.249,1.959,135.58,180.00,Asia/Ulaanbaatar,continuous
2026-09-18T08:26:15.000Z,2026-09-18T16:26:15.000+08:00,47.9236144,106.9418858,1324.75,1287.72,5.03,2.92,0.000,0.810,163.06,180.00,Asia/Ulaanbaatar,continuous
2026-09-18T08:26:18.000Z,2026-09-18T16:26:18.000+08:00,47.9234539,106.9419633,1324.16,1287.13,5.20,2.61,5.596,1.504,160.87,15.27,Asia/Ulaanbaatar,continuous
2026-09-18T08:26:21.000Z,2026-09-18T16:26:21.000+08:00,47.9232207,106.9420355,1323.22,1286.19,5.48,2.09,7.913,1.807,168.22,11.29,Asia/Ulaanbaatar,continuous
2026-09-18T08:26:24.000Z,2026-09-18T16:26:24.000+08:00,47.9230470,106.9420849,1322.59,1285.56,5.45,2.03,6.528,1.719,169.37,12.43,Asia/Ulaanbaatar,continuous
2026-09-18T08:26:27.000Z,2026-09-18T16:26:27.000+08:00,47.9228963,106.9421391,1322.72,1285.69,6.16,1.30,6.251,2.092,168.24,16.53,Asia/Ulaanbaatar,continuous
2026-09-18T08:26:30.000Z,2026-09-18T16:26:30.000+08:00,47.9227100,106.9422059,1321.70,1284.67,7.41,1.28,6.741,2.200,167.15,15.85,Asia/Ulaanbaatar,continuous
2026-09-18T08:26:33.000Z,2026-09-18T16:26:33.000+08:00,47.9224529,106.9422481,1320.64,1283.61,5.49,1.91,8.037,1.481,169.87,8.95,Asia/Ulaanbaatar,continuous
2026-09-18T08:26:36.000Z,2026-09-18T16:26:36.000+08:00,47.9222203,106.9423188,1319.67,1282.64,5.59,1.61,8.770,1.959,169.21,10.54,Asia/Ulaanbaatar,continuous
2026-09-18T08:26:39.000Z,2026-09-18T16:26:39.000+08:00,47.9219324,106.9424238,1318.76,1281.73,5.67,1.42,10.241,1.896,168.59,8.86,Asia/Ulaanbaatar,continuous
2026-09-18T08:26:42.000Z,2026-09-18T16:26:42.000+08:00,47.9216338,106.9424900,1317.81,1280.79,5.27,2.45,10.546,1.396,170.20,6.62,Asia/Ulaanbaatar,continuous
2026-09-18T08:26:45.000Z,2026-09-18T16:26:45.000+08:00,47.9213746,106.9425644,1316.50,1279.48,5.19,2.63,9.511,1.547,170.34,7.94,Asia/Ulaanbaatar,continuous
2026-09-18T08:26:47.000Z,2026-09-18T16:26:47.000+08:00,47.9212386,106.9425950,1316.18,1279.15,5.25,2.50,8.246,1.644,171.40,9.65,Asia/Ulaanbaatar,continuous
2026-09-18T08:26:50.000Z,2026-09-18T16:26:50.000+08:00,47.9210571,106.9426512,1315.54,1278.51,5.52,1.84,7.222,1.972,169.38,13.03,Asia/Ulaanbaatar,continuous
2026-09-18T08:26:53.000Z,2026-09-18T16:26:53.000+08:00,47.9209174,106.9426957,1315.40,1278.37,5.34,2.31,5.454,1.322,169.83,13.44,Asia/Ulaanbaatar,continuous
2026-09-18T08:26:55.000Z,2026-09-18T16:26:55.000+08:00,47.9208238,106.9426941,1315.09,1278.07,5.32,2.35,5.267,1.579,173.24,14.97,Asia/Ulaanbaatar,continuous
2026-09-18T08:26:58.000Z,2026-09-18T16:26:58.000+08:00,47.9206646,106.9427252,1314.55,1277.52,5.69,1.72,5.655,1.958,171.93,16.17,Asia/Ulaanbaatar,continuous
2026-09-18T08:27:02.000Z,2026-09-18T16:27:02.000+08:00,47.9205016,106.9427796,1312.85,1275.82,7.20,1.26,4.739,2.240,169.53,21.88,Asia/Ulaanbaatar,continuous
2026-09-18T08:27:06.000Z,2026-09-18T16:27:06.000+08:00,47.9203623,106.9428475,1312.80,1275.78,8.97,1.25,3.827,2.603,169.33,30.86,Asia/Ulaanbaatar,continuous
2026-09-18T08:27:09.000Z,2026-09-18T16:27:09.000+08:00,47.9204265,106.9428189,1313.35,1276.32,7.95,1.22,0.730,1.812,173.72,107.93,Asia/Ulaanbaatar,continuous
2026-09-18T08:27:19.000Z,2026-09-18T16:27:19.000+08:00,47.9203603,106.9428409,1313.11,1276.09,6.57,1.21,0.038,1.827,175.50,180.00,Asia/Ulaanbaatar,continuous
2026-09-18T08:28:09.000Z,2026-09-18T16:28:09.000+08:00,47.9202916,106.9428580,1313.31,1276.28,7.77,1.24,0.466,2.499,175.50,180.00,Asia/Ulaanbaatar,continuous
2026-09-18T08:28:12.000Z,2026-09-18T16:28:12.000+08:00,47.9202071,106.9428942,1312.86,1275.83,10.55,1.24,1.757,3.151,176.57,82.91,Asia/Ulaanbaatar,continuous
2026-09-18T08:28:15.000Z,2026-09-18T16:28:15.000+08:00,47.9201619,106.9429203,1312.54,1275.51,9.64,1.22,1.375,2.439,167.60,80.17,Asia/Ulaanbaatar,continuous
2026-09-18T08:28:43.000Z,2026-09-18T16:28:43.000+08:00,47.9201424,106.9430041,1312.77,1275.74,9.10,1.21,0.030,1.800,177.54,180.00,Asia/Ulaanbaatar,continuous
2026-09-18T08:28:54.000Z,2026-09-18T16:28:54.000+08:00,47.9201308,106.9429038,1314.29,1277.26,24.85,4.00,0.450,4.282,,,Asia/Ulaanbaatar,continuous
2026-09-18T08:29:06.015Z,2026-09-18T16:29:06.015+08:00,47.9201431,106.9429845,1312.18,1275.16,13.29,1.50,0.000,1.637,177.54,180.00,Asia/Ulaanbaatar,continuous
2026-09-18T08:29:21.000Z,2026-09-18T16:29:21.000+08:00,47.9203956,106.9430346,1320.91,1283.88,54.37,12.00,0.420,3.230,65.39,97.13,Asia/Ulaanbaatar,continuous
2026-09-18T08:30:16.343Z,2026-09-18T16:30:16.343+08:00,47.9200652,106.9429878,1315.98,1278.95,40.00,25.23,,,,,Asia/Ulaanbaatar,continuous
2026-09-18T08:30:40.431Z,2026-09-18T16:30:40.431+08:00,47.9196375,106.9435515,1315.76,1278.74,137.67,28.20,,,,,Asia/Ulaanbaatar,continuous
2026-09-18T08:30:52.554Z,2026-09-18T16:30:52.554+08:00,47.9192139,106.9434340,1315.75,1278.73,137.67,39.62,,,,,Asia/Ulaanbaatar,continuous
2026-09-18T08:30:55.020Z,2026-09-18T16:30:55.020+08:00,47.9191568,106.9433960,1315.74,1278.72,137.67,41.55,,,,,Asia/Ulaanbaatar,continuous
2026-09-18T08:31:02.777Z,2026-09-18T16:31:02.777+08:00,47.9191692,106.9432710,1315.73,1278.71,52.33,46.23,,,,,Asia/Ulaanbaatar,continuous
2026-09-18T08:31:10.427Z,2026-09-18T16:31:10.427+08:00,47.9191131,106.9432708,1315.73,1278.71,137.67,46.23,,,,,Asia/Ulaanbaatar,continuous
2026-09-18T08:31:19.708Z,2026-09-18T16:31:19.708+08:00,47.9191982,106.9433273,1315.73,1278.71,52.33,46.23,,,,,Asia/Ulaanbaatar,continuous
2026-09-18T08:31:26.148Z,2026-09-18T16:31:26.148+08:00,47.9195432,106.9431413,1315.73,1278.71,91.67,46.23,,,,,Asia/Ulaanbaatar,continuous
2026-09-18T08:31:34.332Z,2026-09-18T16:31:34.332+08:00,47.9195025,106.9434338,1315.74,1278.71,137.67,46.23,,,,,Asia/Ulaanbaatar,continuous
2026-09-18T08:31:44.679Z,2026-09-18T16:31:44.679+08:00,47.9193721,106.9434000,1315.74,1278.71,76.93,46.23,,,,,Asia/Ulaanbaatar,continuous
2026-09-18T08:31:52.013Z,2026-09-18T16:31:52.013+08:00,47.9201065,106.9429420,1310.40,1273.38,24.60,4.86,0.000,1.184,178.09,180.00,Asia/Ulaanbaatar,continuous
2026-09-18T08:33:05.000Z,2026-09-18T16:33:05.000+08:00,47.9200372,106.9429784,1311.74,1274.71,28.50,1.94,1.246,2.858,165.03,110.65,Asia/Ulaanbaatar,continuous
2026-09-18T08:33:07.000Z,2026-09-18T16:33:07.000+08:00,47.9199954,106.9430321,1312.03,1275.01,28.59,1.46,1.468,2.897,124.75,96.81,Asia/Ulaanbaatar,continuous
2026-09-18T08:33:09.000Z,2026-09-18T16:33:09.000+08:00,47.9195669,106.9435878,1311.28,1274.25,23.18,1.34,5.331,2.770,118.53,24.45,Asia/Ulaanbaatar,continuous
2026-09-18T08:33:12.000Z,2026-09-18T16:33:12.000+08:00,47.9193240,106.9440497,1310.12,1273.09,21.35,1.28,7.786,3.081,106.54,18.39,Asia/Ulaanbaatar,continuous
2026-09-18T08:33:14.000Z,2026-09-18T16:33:14.000+08:00,47.9192697,106.9444250,1309.26,1272.23,22.18,1.26,9.439,3.185,100.89,16.23,Asia/Ulaanbaatar,continuous
2026-09-18T08:33:16.000Z,2026-09-18T16:33:16.000+08:00,47.9192168,106.9446938,1309.77,1272.75,25.50,1.25,9.678,3.752,101.34,18.65,Asia/Ulaanbaatar,continuous
2026-09-18T08:33:18.000Z,2026-09-18T16:33:18.000+08:00,47.9191453,106.9449941,1309.62,1272.60,29.87,1.24,9.915,4.250,102.28,20.62,Asia/Ulaanbaatar,continuous
2026-09-18T08:33:20.000Z,2026-09-18T16:33:20.000+08:00,47.9189967,106.9453280,1308.28,1271.25,34.00,1.24,10.492,4.673,107.50,21.08,Asia/Ulaanbaatar,continuous
2026-09-18T08:33:22.000Z,2026-09-18T16:33:22.000+08:00,47.9185752,106.9459489,1308.55,1271.52,23.85,1.23,12.121,3.093,116.33,12.84,Asia/Ulaanbaatar,continuous
2026-09-18T08:33:24.000Z,2026-09-18T16:33:24.000+08:00,47.9183620,106.9462847,1308.29,1271.27,18.89,1.22,11.709,2.988,116.08,11.84,Asia/Ulaanbaatar,continuous
2026-09-18T08:33:26.000Z,2026-09-18T16:33:26.000+08:00,47.9182737,106.9465620,1308.47,1271.45,21.28,1.22,11.644,3.541,116.07,14.49,Asia/Ulaanbaatar,continuous
2026-09-18T08:33:28.000Z,2026-09-18T16:33:28.000+08:00,47.9181749,106.9468540,1307.75,1270.73,23.16,1.21,11.518,3.881,114.69,15.94,Asia/Ulaanbaatar,continuous
2026-09-18T08:33:30.000Z,2026-09-18T16:33:30.000+08:00,47.9182329,106.9471686,1308.19,1271.16,18.31,1.30,9.977,3.131,97.29,15.53,Asia/Ulaanbaatar,continuous
2026-09-18T08:33:32.000Z,2026-09-18T16:33:32.000+08:00,47.9181799,106.9474116,1309.22,1272.19,20.79,1.29,9.452,3.590,98.50,18.58,Asia/Ulaanbaatar,continuous
2026-09-18T08:33:34.000Z,2026-09-18T16:33:34.000+08:00,47.9181045,106.9474687,1310.16,1273.14,20.89,1.29,7.316,3.503,106.92,22.51,Asia/Ulaanbaatar,continuous
2026-09-18T08:33:37.000Z,2026-09-18T16:33:37.000+08:00,47.9180220,106.9475482,1310.82,1273.80,19.27,1.27,5.129,3.002,114.01,29.71,Asia/Ulaanbaatar,continuous
2026-09-18T08:36:11.037Z,2026-09-18T16:36:11.037+08:00,47.9168329,106.9596200,1383.43,1346.40,27.53,64.00,0.500,1.950,,,Asia/Ulaanbaatar,continuous
2026-09-18T08:36:14.026Z,2026-09-18T16:36:14.026+08:00,47.9168172,106.9592811,1315.40,1278.38,7.92,4.00,0.320,1.180,,,Asia/Ulaanbaatar,continuous
2026-09-18T08:36:19.000Z,2026-09-18T16:36:19.000+08:00,47.9167448,106.9591666,1315.60,1278.58,5.00,4.00,0.290,1.350,,,Asia/Ulaanbaatar,continuous
2026-09-18T08:36:28.000Z,2026-09-18T16:36:28.000+08:00,47.9167160,106.9592488,1312.48,1275.45,5.18,4.00,2.220,1.690,92.46,43.77,Asia/Ulaanbaatar,continuous
2026-09-18T08:36:31.000Z,2026-09-18T16:36:31.000+08:00,47.9167216,106.9593431,1311.69,1274.67,4.55,4.01,2.840,1.160,98.09,25.84,Asia/Ulaanbaatar,continuous
2026-09-18T08:36:35.000Z,2026-09-18T16:36:35.000+08:00,47.9167418,106.9595337,1311.82,1274.79,4.31,4.03,3.120,1.080,92.46,16.34,Asia/Ulaanbaatar,continuous
2026-09-18T08:36:38.000Z,2026-09-18T16:36:38.000+08:00,47.9167409,106.9597088,1311.77,1274.74,4.59,3.57,3.570,1.170,97.03,20.91,Asia/Ulaanbaatar,continuous
2026-09-18T08:36:41.000Z,2026-09-18T16:36:41.000+08:00,47.9167166,106.9599885,1311.07,1274.05,4.59,3.57,6.080,1.360,95.63,14.43,Asia/Ulaanbaatar,continuous
2026-09-18T08:36:45.000Z,2026-09-18T16:36:45.000+08:00,47.9166945,106.9602864,1312.11,1275.08,8.65,1.10,6.092,2.864,99.06,23.17,Asia/Ulaanbaatar,continuous
2026-09-18T08:36:48.000Z,2026-09-18T16:36:48.000+08:00,47.9166473,106.9605171,1311.86,1274.84,10.38,1.10,5.765,3.158,102.34,28.18,Asia/Ulaanbaatar,continuous
2026-09-18T08:36:52.000Z,2026-09-18T16:36:52.000+08:00,47.9165654,106.9605993,1310.92,1273.90,10.25,1.25,2.640,2.520,121.68,46.18,Asia/Ulaanbaatar,continuous
2026-09-18T08:36:59.000Z,2026-09-18T16:36:59.000+08:00,47.9165236,106.9605439,1310.30,1273.28,8.40,1.25,0.673,2.893,156.25,180.00,Asia/Ulaanbaatar,continuous
2026-09-18T08:37:05.000Z,2026-09-18T16:37:05.000+08:00,47.9164708,106.9606194,1309.78,1272.76,5.75,1.23,0.116,1.458,165.06,180.00,Asia/Ulaanbaatar,continuous
2026-09-18T08:37:19.000Z,2026-09-18T16:37:19.000+08:00,47.9164822,106.9607072,1309.73,1272.70,7.17,1.23,2.812,2.160,115.42,38.64,Asia/Ulaanbaatar,continuous
2026-09-18T08:37:21.000Z,2026-09-18T16:37:21.000+08:00,47.9164717,106.9608026,1309.84,1272.81,9.35,1.25,3.796,2.228,111.31,32.10,Asia/Ulaanbaatar,continuous
2026-09-18T08:37:23.000Z,2026-09-18T16:37:23.000+08:00,47.9164382,106.9609293,1310.05,1273.02,12.17,1.24,4.345,2.377,111.34,31.79,Asia/Ulaanbaatar,continuous
2026-09-18T08:37:27.000Z,2026-09-18T16:37:27.000+08:00,47.9163744,106.9612096,1310.14,1273.11,19.11,1.23,5.162,2.338,109.48,32.69,Asia/Ulaanbaatar,continuous
2026-09-18T08:37:30.000Z,2026-09-18T16:37:30.000+08:00,47.9165078,106.9614404,1310.50,1273.47,13.63,1.22,5.134,2.217,89.92,24.22,Asia/Ulaanbaatar,continuous
2026-09-18T08:37:33.000Z,2026-09-18T16:37:33.000+08:00,47.9165427,106.9617053,1310.73,1273.71,12.05,1.21,6.023,2.395,94.26,19.06,Asia/Ulaanbaatar,continuous
2026-09-18T08:37:36.000Z,2026-09-18T16:37:36.000+08:00,47.9165348,106.9619364,1311.09,1274.07,13.76,1.31,5.938,2.801,94.87,22.54,Asia/Ulaanbaatar,continuous
2026-09-18T08:37:39.000Z,2026-09-18T16:37:39.000+08:00,47.9165266,106.9622428,1311.14,1274.11,14.06,1.30,6.346,2.551,95.99,20.57,Asia/Ulaanbaatar,continuous
2026-09-18T08:37:41.000Z,2026-09-18T16:37:41.000+08:00,47.9165381,106.9624344,1310.99,1273.96,15.13,1.29,6.424,2.573,94.07,21.40,Asia/Ulaanbaatar,continuous
2026-09-18T08:37:44.000Z,2026-09-18T16:37:44.000+08:00,47.9165045,106.9626813,1310.98,1273.96,17.84,1.27,6.311,2.956,95.71,24.48,Asia/Ulaanbaatar,continuous
2026-09-18T08:37:47.000Z,2026-09-18T16:37:47.000+08:00,47.9164794,106.9629787,1310.90,1273.88,21.42,1.26,6.926,2.793,95.75,23.73,Asia/Ulaanbaatar,continuous
2026-09-18T08:37:49.000Z,2026-09-18T16:37:49.000+08:00,47.9164519,106.9632503,1310.60,1273.57,23.75,1.25,7.808,2.418,96.49,22.34,Asia/Ulaanbaatar,continuous
2026-09-18T08:37:52.000Z,2026-09-18T16:37:52.000+08:00,47.9164193,106.9635481,1310.09,1273.07,29.01,1.24,7.917,3.106,98.36,23.46,Asia/Ulaanbaatar,continuous
2026-09-18T08:37:55.000Z,2026-09-18T16:37:55.000+08:00,47.9163903,106.9638700,1310.06,1273.04,37.06,1.23,7.880,3.953,97.96,27.18,Asia/Ulaanbaatar,continuous
2026-09-18T08:37:58.000Z,2026-09-18T16:37:58.000+08:00,47.9163093,106.9640619,1310.40,1273.38,28.64,1.22,6.782,3.776,97.90,25.47,Asia/Ulaanbaatar,continuous
2026-09-18T08:38:01.000Z,2026-09-18T16:38:01.000+08:00,47.9163394,106.9638296,1310.85,1273.82,19.09,1.16,0.000,1.167,98.34,180.00,Asia/Ulaanbaatar,continuous
2026-09-18T08:38:07.000Z,2026-09-18T16:38:07.000+08:00,47.9164075,106.9640030,1311.48,1274.45,11.13,1.28,1.035,2.378,105.29,103.31,Asia/Ulaanbaatar,continuous
2026-09-18T08:38:11.000Z,2026-09-18T16:38:11.000+08:00,47.9163749,106.9641311,1311.56,1274.53,11.15,1.27,2.187,2.571,109.36,50.99,Asia/Ulaanbaatar,continuous
2026-09-18T08:38:23.000Z,2026-09-18T16:38:23.000+08:00,47.9163720,106.9642780,1311.25,1274.22,8.36,1.22,0.952,2.127,118.59,105.08,Asia/Ulaanbaatar,continuous
2026-09-18T08:38:31.000Z,2026-09-18T16:38:31.000+08:00,47.9163544,106.9643468,1311.27,1274.24,8.52,1.20,0.219,1.895,113.73,180.00,Asia/Ulaanbaatar,continuous
2026-09-18T08:38:36.000Z,2026-09-18T16:38:36.000+08:00,47.9163355,106.9644469,1311.56,1274.54,7.21,1.16,0.000,1.148,113.73,180.00,Asia/Ulaanbaatar,continuous
2026-09-18T08:38:55.000Z,2026-09-18T16:38:55.000+08:00,47.9163376,106.9645253,1311.36,1274.33,7.66,1.21,0.000,1.806,111.13,180.00,Asia/Ulaanbaatar,continuous
2026-09-18T08:38:58.000Z,2026-09-18T16:38:58.000+08:00,47.9163495,106.9646274,1311.56,1274.54,9.97,1.20,2.065,2.795,87.59,61.64,Asia/Ulaanbaatar,continuous
2026-09-18T08:39:03.000Z,2026-09-18T16:39:03.000+08:00,47.9163417,106.9649321,1312.33,1275.31,14.50,1.26,3.456,3.114,92.19,42.47,Asia/Ulaanbaatar,continuous
2026-09-18T08:39:17.000Z,2026-09-18T16:39:17.000+08:00,47.9163156,106.9649929,1313.22,1276.19,10.41,1.24,0.237,2.418,108.58,180.00,Asia/Ulaanbaatar,continuous
2026-09-18T08:39:28.000Z,2026-09-18T16:39:28.000+08:00,47.9162667,106.9650244,1313.03,1276.00,9.35,1.27,0.023,1.719,108.58,180.00,Asia/Ulaanbaatar,continuous
2026-09-18T08:39:40.000Z,2026-09-18T16:39:40.000+08:00,47.9162508,106.9651116,1313.43,1276.40,5.90,2.53,0.000,1.394,108.58,180.00,Asia/Ulaanbaatar,continuous
2026-09-18T08:39:57.000Z,2026-09-18T16:39:57.000+08:00,47.9163017,106.9651159,1313.60,1276.57,5.07,2.84,0.000,1.419,108.58,180.00,Asia/Ulaanbaatar,continuous
2026-09-18T08:40:01.000Z,2026-09-18T16:40:01.000+08:00,47.9162822,106.9651834,1313.71,1276.68,5.14,2.72,1.214,1.570,105.98,47.33,Asia/Ulaanbaatar,continuous
2026-09-18T08:40:07.000Z,2026-09-18T16:40:07.000+08:00,47.9162957,106.9653095,1314.10,1277.07,5.16,2.69,2.463,1.311,86.08,21.42,Asia/Ulaanbaatar,continuous
2026-09-18T08:40:11.000Z,2026-09-18T16:40:11.000+08:00,47.9162937,106.9655302,1314.25,1277.23,5.90,1.42,4.547,1.795,91.79,20.33,Asia/Ulaanbaatar,continuous
2026-09-18T08:40:13.000Z,2026-09-18T16:40:13.000+08:00,47.9162745,106.9657113,1314.37,1277.34,6.43,1.27,5.883,1.626,96.48,15.84,Asia/Ulaanbaatar,continuous
2026-09-18T08:40:15.000Z,2026-09-18T16:40:15.000+08:00,47.9162429,106.9659056,1314.23,1277.20,6.38,1.27,7.006,1.624,103.22,12.14,Asia/Ulaanbaatar,continuous
2026-09-18T08:40:17.000Z,2026-09-18T16:40:17.000+08:00,47.9162160,106.9660971,1313.85,1276.82,6.33,1.26,7.494,1.561,104.07,11.07,Asia/Ulaanbaatar,continuous
2026-09-18T08:40:19.000Z,2026-09-18T16:40:19.000+08:00,47.9162018,106.9662591,1314.71,1277.69,6.64,1.26,6.182,1.659,101.41,14.58,Asia/Ulaanbaatar,continuous
2026-09-18T08:40:22.000Z,2026-09-18T16:40:22.000+08:00,47.9161681,106.9665870,1314.62,1277.59,7.89,1.22,7.473,1.784,96.62,13.57,Asia/Ulaanbaatar,continuous
2026-09-18T08:40:24.000Z,2026-09-18T16:40:24.000+08:00,47.9161450,106.9668192,1314.04,1277.01,8.17,1.31,8.387,1.725,97.98,11.78,Asia/Ulaanbaatar,continuous
2026-09-18T08:40:28.000Z,2026-09-18T16:40:28.000+08:00,47.9161142,106.9671384,1313.45,1276.43,7.31,1.32,5.332,1.527,105.33,15.18,Asia/Ulaanbaatar,continuous
2026-09-18T08:40:30.000Z,2026-09-18T16:40:30.000+08:00,47.9161299,106.9672086,1313.66,1276.63,6.78,1.29,2.865,1.750,87.82,31.41,Asia/Ulaanbaatar,continuous
2026-09-18T08:40:33.000Z,2026-09-18T16:40:33.000+08:00,47.9161391,106.9672764,1313.30,1276.27,7.01,1.29,2.068,1.977,70.81,46.76,Asia/Ulaanbaatar,continuous
2026-09-18T08:40:36.000Z,2026-09-18T16:40:36.000+08:00,47.9161440,106.9673734,1313.63,1276.60,8.42,1.25,2.454,2.088,82.56,43.67,Asia/Ulaanbaatar,continuous
2026-09-18T08:40:39.000Z,2026-09-18T16:40:39.000+08:00,47.9161155,106.9674468,1313.45,1276.42,8.86,1.24,2.422,2.087,96.74,41.87,Asia/Ulaanbaatar,continuous
2026-09-18T08:40:41.000Z,2026-09-18T16:40:41.000+08:00,47.9161075,106.9675572,1313.35,1276.32,9.20,1.23,2.948,2.101,96.85,35.03,Asia/Ulaanbaatar,continuous
2026-09-18T08:40:44.000Z,2026-09-18T16:40:44.000+08:00,47.9160720,106.9676867,1313.19,1276.16,10.75,1.23,3.049,2.383,104.56,38.44,Asia/Ulaanbaatar,continuous
2026-09-18T08:40:47.000Z,2026-09-18T16:40:47.000+08:00,47.9160355,106.9678379,1313.02,1275.99,9.89,1.22,3.195,2.160,106.11,33.60,Asia/Ulaanbaatar,continuous
2026-09-18T08:40:51.000Z,2026-09-18T16:40:51.000+08:00,47.9160388,106.9680001,1312.67,1275.65,9.66,1.31,3.035,2.125,99.65,34.44,Asia/Ulaanbaatar,continuous
2026-09-18T08:40:56.000Z,2026-09-18T16:40:56.000+08:00,47.9160616,106.9680653,1312.92,1275.89,7.19,1.29,0.595,1.771,85.03,127.50,Asia/Ulaanbaatar,continuous
2026-09-18T08:41:02.000Z,2026-09-18T16:41:02.000+08:00,47.9159985,106.9680871,1313.15,1276.13,5.59,2.12,0.274,1.966,85.05,180.00,Asia/Ulaanbaatar,continuous
2026-09-18T08:41:09.000Z,2026-09-18T16:41:09.000+08:00,47.9160191,106.9681507,1313.11,1276.09,5.22,2.56,0.454,1.674,85.13,165.55,Asia/Ulaanbaatar,continuous
2026-09-18T08:41:12.027Z,2026-09-18T16:41:12.027+08:00,47.9160262,106.9681861,1313.09,1276.06,5.25,2.49,0.000,1.086,81.97,180.00,Asia/Ulaanbaatar,continuous
2026-09-18T08:41:15.000Z,2026-09-18T16:41:15.000+08:00,47.9160070,106.9683227,1313.07,1276.04,5.47,2.50,2.168,1.888,108.08,35.23,Asia/Ulaanbaatar,continuous
2026-09-18T08:41:19.000Z,2026-09-18T16:41:19.000+08:00,47.9160123,106.9684690,1313.10,1276.07,5.92,2.12,2.314,1.708,87.25,33.95,Asia/Ulaanbaatar,continuous
2026-09-18T08:41:22.000Z,2026-09-18T16:41:22.000+08:00,47.9159895,106.9685699,1313.04,1276.01,5.24,2.52,2.520,1.439,98.16,22.03,Asia/Ulaanbaatar,continuous
2026-09-18T08:41:26.000Z,2026-09-18T16:41:26.000+08:00,47.9159844,106.9687185,1313.40,1276.37,8.15,1.27,2.760,2.933,100.03,48.38,Asia/Ulaanbaatar,continuous
2026-09-18T08:41:28.000Z,2026-09-18T16:41:28.000+08:00,47.9159872,106.9688182,1313.46,1276.44,7.31,1.26,3.219,2.070,93.25,30.23,Asia/Ulaanbaatar,continuous
2026-09-18T08:41:31.000Z,2026-09-18T16:41:31.000+08:00,47.9159850,106.9689847,1313.24,1276.22,8.67,1.25,3.608,2.300,95.35,30.46,Asia/Ulaanbaatar,continuous
2026-09-18T08:41:34.000Z,2026-09-18T16:41:34.000+08:00,47.9159595,106.9692393,1313.12,1276.10,8.24,1.24,4.225,2.018,100.11,22.63,Asia/Ulaanbaatar,continuous
2026-09-18T08:41:36.000Z,2026-09-18T16:41:36.000+08:00,47.9159508,106.9693264,1313.06,1276.04,8.31,1.23,3.666,2.157,99.03,27.43,Asia/Ulaanbaatar,continuous
2026-09-18T08:41:43.000Z,2026-09-18T16:41:43.000+08:00,47.9159453,106.9694004,1313.32,1276.30,5.85,2.56,1.196,1.676,81.10,62.80,Asia/Ulaanbaatar,continuous
2026-09-18T08:41:46.000Z,2026-09-18T16:41:46.000+08:00,47.9159270,106.9695635,1312.99,1275.97,5.31,2.74,3.666,1.408,104.62,16.21,Asia/Ulaanbaatar,continuous
2026-09-18T08:41:48.000Z,2026-09-18T16:41:48.000+08:00,47.9159050,106.9696801,1313.15,1276.12,5.19,2.71,4.014,1.534,104.32,17.21,Asia/Ulaanbaatar,continuous
2026-09-18T08:41:52.000Z,2026-09-18T16:41:52.000+08:00,47.9158687,106.9698946,1312.94,1275.91,5.41,2.77,3.555,1.858,101.11,22.55,Asia/Ulaanbaatar,continuous
2026-09-18T08:41:54.000Z,2026-09-18T16:41:54.000+08:00,47.9158700,106.9699659,1313.02,1276.00,6.01,2.68,2.878,2.095,94.87,31.72,Asia/Ulaanbaatar,continuous
2026-09-18T08:41:57.000Z,2026-09-18T16:41:57.000+08:00,47.9158629,106.9700579,1312.92,1275.90,5.35,2.75,2.342,1.690,90.99,31.41,Asia/Ulaanbaatar,continuous
2026-09-18T08:42:00.000Z,2026-09-18T16:42:00.000+08:00,47.9158466,106.9701417,1312.97,1275.95,5.43,2.60,2.281,1.647,95.66,30.40,Asia/Ulaanbaatar,continuous
2026-09-18T08:42:05.000Z,2026-09-18T16:42:05.000+08:00,47.9158343,106.9702073,1313.21,1276.18,6.53,1.23,0.581,1.956,109.09,133.78,Asia/Ulaanbaatar,continuous
2026-09-18T08:42:23.000Z,2026-09-18T16:42:23.000+08:00,47.9158026,106.9701507,1312.06,1275.04,5.10,2.79,0.568,0.935,,,Asia/Ulaanbaatar,continuous
2026-09-18T08:42:39.000Z,2026-09-18T16:42:39.000+08:00,47.9157908,106.9700839,1313.47,1276.44,4.86,3.19,0.087,1.487,81.28,180.00,Asia/Ulaanbaatar,continuous
2026-09-18T08:44:06.000Z,2026-09-18T16:44:06.000+08:00,47.9158186,106.9700281,1314.18,1277.16,4.79,3.30,1.299,1.169,276.56,33.21,Asia/Ulaanbaatar,continuous
2026-09-18T08:44:13.000Z,2026-09-18T16:44:13.000+08:00,47.9158330,106.9699504,1313.39,1276.36,4.76,3.34,1.211,1.323,271.29,36.91,Asia/Ulaanbaatar,continuous
2026-09-18T08:44:16.000Z,2026-09-18T16:44:16.000+08:00,47.9158402,106.9698839,1314.15,1277.13,4.75,3.35,0.998,1.172,275.41,42.90,Asia/Ulaanbaatar,continuous
2026-09-18T08:44:20.000Z,2026-09-18T16:44:20.000+08:00,47.9158231,106.9698188,1314.18,1277.16,4.74,3.37,1.191,1.171,248.30,36.81,Asia/Ulaanbaatar,continuous
2026-09-18T08:44:25.000Z,2026-09-18T16:44:25.000+08:00,47.9158387,106.9697326,1314.61,1277.58,4.75,3.35,1.327,1.219,285.72,32.49,Asia/Ulaanbaatar,continuous
2026-09-18T08:44:30.000Z,2026-09-18T16:44:30.000+08:00,47.9158341,106.9696582,1314.16,1277.14,4.75,3.36,0.976,1.230,272.09,42.97,Asia/Ulaanbaatar,continuous
2026-09-18T08:44:35.000Z,2026-09-18T16:44:35.000+08:00,47.9158314,106.9695810,1314.53,1277.50,4.75,3.36,1.225,1.202,260.29,35.30,Asia/Ulaanbaatar,continuous
2026-09-18T08:44:39.000Z,2026-09-18T16:44:39.000+08:00,47.9158433,106.9695151,1314.26,1277.24,4.74,3.36,1.012,1.252,279.88,37.78,Asia/Ulaanbaatar,continuous
2026-09-18T08:44:50.000Z,2026-09-18T16:44:50.000+08:00,47.9158713,106.9694625,1313.51,1276.48,4.76,3.35,0.442,1.847,323.50,180.00,Asia/Ulaanbaatar,continuous
2026-09-18T08:44:54.000Z,2026-09-18T16:44:54.000+08:00,47.9158825,106.9693879,1313.55,1276.53,4.75,3.35,1.443,1.311,283.96,31.03,Asia/Ulaanbaatar,continuous
2026-09-18T08:45:13.000Z,2026-09-18T16:45:13.000+08:00,47.9158395,106.9694334,1313.66,1276.63,4.79,3.29,1.022,1.325,123.01,46.19,Asia/Ulaanbaatar,continuous
2026-09-18T08:45:19.000Z,2026-09-18T16:45:19.000+08:00,47.9157973,106.9694928,1314.11,1277.08,4.77,3.33,1.100,1.253,118.94,37.29,Asia/Ulaanbaatar,continuous
2026-09-18T08:45:23.000Z,2026-09-18T16:45:23.000+08:00,47.9157708,106.9695530,1314.32,1277.29,4.75,3.36,1.320,1.193,117.26,28.90,Asia/Ulaanbaatar,continuous
2026-09-18T08:45:27.000Z,2026-09-18T16:45:27.000+08:00,47.9157656,106.9696290,1314.02,1276.99,4.74,3.37,1.084,1.272,105.93,37.80,Asia/Ulaanbaatar,continuous
2026-09-18T08:45:32.000Z,2026-09-18T16:45:32.000+08:00,47.9157533,106.9697020,1314.61,1277.58,4.73,3.39,0.975,1.282,95.91,40.58,Asia/Ulaanbaatar,continuous
2026-09-18T08:45:37.000Z,2026-09-18T16:45:37.000+08:00,47.9157489,106.9697705,1314.17,1277.15,4.72,3.39,1.052,1.297,104.87,37.38,Asia/Ulaanbaatar,continuous
2026-09-18T08:45:42.000Z,2026-09-18T16:45:42.000+08:00,47.9157365,106.9698489,1313.65,1276.63,4.73,3.38,0.916,1.280,108.97,44.74,Asia/Ulaanbaatar,continuous
2026-09-18T08:46:05.000Z,2026-09-18T16:46:05.000+08:00,47.9157694,106.9699044,1313.05,1276.02,4.74,3.37,0.258,1.876,86.45,180.00,Asia/Ulaanbaatar,continuous
2026-09-18T08:47:07.000Z,2026-09-18T16:47:07.000+08:00,47.9157498,106.9699746,1314.23,1277.20,4.74,3.37,0.966,1.246,96.16,39.45,Asia/Ulaanbaatar,continuous
2026-09-18T08:47:10.000Z,2026-09-18T16:47:10.000+08:00,47.9157512,106.9700598,1315.10,1278.08,4.74,3.37,1.944,1.267,94.21,22.90,Asia/Ulaanbaatar,continuous
2026-09-18T08:47:13.000Z,2026-09-18T16:47:13.000+08:00,47.9157463,106.9701393,1314.14,1277.12,4.74,3.38,2.097,1.269,94.57,22.81,Asia/Ulaanbaatar,continuous
